Accuracy,params,seed,TRAIN,TEST,CM,Classification report
0.955729166667,"{'n_estimators': 300, 'min_child_weight': 3, 'max_depth': 8, 'learning_rate': 0.1, 'colsample_bytree': 0.8}",4,"[   0    1    3 ..., 2130 2131 2132]","[   2    8   15   31   33   35   44   47   58   59   63   65   66   67   72
   75   76   88   92   98  102  110  112  115  124  133  138  139  147  152
  153  154  155  161  162  163  164  166  188  191  218  222  225  227  231
  233  237  238  244  246  251  258  260  265  270  279  280  283  285  286
  293  300  303  315  319  322  326  328  330  333  342  352  357  358  362
  363  370  372  376  379  385  398  401  404  405  409  411  413  419  424
  435  436  437  445  447  479  486  487  501  502  511  512  517  526  534
  538  539  544  557  558  568  571  575  577  582  593  595  598  604  608
  615  618  620  623  624  632  634  640  650  652  657  663  665  670  675
  676  678  682  694  695  696  701  703  714  722  724  725  735  741  744
  750  751  758  760  765  774  786  798  802  803  806  811  825  830  834
  839  849  852  855  857  858  875  878  881  896  897  903  904  905  914
  918  919  925  926  928  942  944  945  948  949  952  953  956  962  978
  983  984  985  987  991  996 1000 1009 1010 1011 1013 1020 1021 1023 1027
 1035 1037 1043 1044 1048 1051 1059 1062 1063 1069 1070 1071 1076 1085 1094
 1103 1105 1107 1125 1126 1127 1128 1129 1131 1134 1167 1177 1181 1184 1186
 1188 1193 1201 1204 1207 1208 1209 1212 1213 1219 1223 1226 1234 1250 1253
 1254 1264 1265 1273 1275 1302 1305 1308 1313 1318 1319 1322 1324 1331 1334
 1339 1346 1359 1361 1364 1366 1373 1375 1377 1379 1384 1386 1392 1393 1396
 1397 1401 1406 1413 1422 1429 1430 1434 1435 1440 1452 1453 1465 1472 1474
 1478 1479 1484 1485 1488 1491 1492 1502 1506 1515 1517 1519 1520 1528 1535
 1540 1549 1555 1565 1581 1593 1604 1608 1610 1621 1625 1643 1644 1646 1653
 1654 1662 1664 1668 1674 1678 1683 1687 1693 1694 1695 1699 1702 1710 1711
 1719 1723 1727 1731 1732 1735 1745 1751 1753 1759 1761 1777 1778 1779 1796
 1802 1803 1806 1812 1814 1817 1825 1826 1828 1830 1831 1833 1836 1844 1851
 1858 1860 1866 1873 1879 1893 1903 1904 1910 1917 1918 1922 1927 1930 1936
 1938 1943 1949 1953 1955 1957 1960 1961 1962 1965 1975 1980 1981 1982 1993
 1994 1999 2000 2005 2007 2009 2012 2022 2031 2033 2039 2042 2050 2069 2070
 2083 2093 2106 2114 2115 2124 2127 2128]","[[182  10]
 [  7 185]]","             precision    recall  f1-score   support

         AG       0.96      0.95      0.96       192
         AR       0.95      0.96      0.96       192

avg / total       0.96      0.96      0.96       384
"
0.966408268734,"{'n_estimators': 100, 'min_child_weight': 3, 'max_depth': 8, 'learning_rate': 0.1, 'colsample_bytree': 1}",4,"[   0    1    2 ..., 2130 2131 2132]","[  11   13   17   18   25   26   30   34   36   40   42   49   50   55   62
   70   74   77   78   83   89  104  125  127  135  136  146  157  170  175
  178  179  180  189  193  194  202  209  211  214  215  221  224  228  236
  239  247  248  253  254  262  273  275  277  287  289  290  299  304  305
  306  307  309  310  321  325  331  336  337  340  345  347  353  354  374
  375  377  380  390  395  399  402  406  408  418  420  425  427  429  430
  431  441  462  463  465  467  473  482  489  496  508  509  516  518  521
  522  523  524  525  535  545  554  566  567  570  574  578  580  585  594
  601  611  616  617  625  630  631  636  642  643  645  651  655  658  659
  666  669  672  677  681  683  685  692  693  698  704  723  728  732  734
  755  759  761  768  770  771  772  773  776  779  780  781  783  789  793
  794  813  814  826  831  832  838  840  859  860  862  863  871  873  877
  879  886  889  890  892  908  909  930  931  932  934  936  940  941  950
  958  963  975  976  979  980  989  998  999 1001 1007 1018 1025 1033 1039
 1041 1047 1052 1061 1075 1086 1088 1091 1110 1113 1118 1119 1124 1136 1137
 1139 1147 1151 1155 1156 1158 1160 1163 1168 1170 1173 1185 1199 1200 1202
 1203 1206 1220 1222 1224 1228 1229 1233 1235 1244 1245 1247 1252 1257 1261
 1263 1268 1276 1278 1281 1282 1283 1285 1286 1290 1294 1296 1303 1306 1309
 1314 1315 1317 1321 1323 1325 1330 1335 1337 1340 1347 1351 1352 1354 1355
 1360 1362 1365 1385 1388 1390 1391 1398 1402 1405 1408 1409 1410 1412 1420
 1437 1439 1441 1449 1450 1457 1460 1463 1471 1483 1489 1495 1500 1505 1508
 1510 1514 1526 1527 1531 1532 1534 1538 1539 1548 1553 1554 1575 1582 1583
 1591 1594 1598 1600 1601 1609 1613 1620 1622 1626 1633 1636 1647 1650 1655
 1659 1663 1667 1672 1689 1690 1707 1713 1715 1717 1720 1730 1739 1740 1741
 1742 1749 1762 1767 1773 1774 1776 1780 1807 1808 1815 1824 1838 1845 1855
 1859 1863 1868 1874 1876 1884 1887 1888 1899 1901 1905 1907 1912 1919 1923
 1926 1932 1934 1941 1958 1968 1969 1970 1972 1973 1979 1984 1985 1989 1990
 1991 1992 1998 2001 2013 2017 2023 2024 2032 2048 2053 2056 2059 2065 2078
 2080 2085 2098 2104 2108 2111 2129]","[[188   7]
 [  6 186]]","             precision    recall  f1-score   support

         AG       0.97      0.96      0.97       195
         AR       0.96      0.97      0.97       192

avg / total       0.97      0.97      0.97       387
"
0.941644562334,"{'n_estimators': 100, 'min_child_weight': 5, 'max_depth': 8, 'learning_rate': 0.1, 'colsample_bytree': 0.5}",4,"[   0    1    2 ..., 2130 2131 2132]","[   3    4    6    7   14   24   32   45   53   57   61   68   71   80   81
   90   93   97   99  101  106  108  111  113  114  117  120  123  126  131
  144  158  159  167  168  169  176  177  181  184  200  203  208  210  212
  213  216  219  220  226  229  249  257  261  263  266  267  268  271  274
  276  278  281  282  288  294  295  316  317  320  324  348  350  359  364
  378  381  382  383  384  387  391  394  397  416  417  423  428  432  433
  434  444  446  452  455  457  458  459  470  471  472  474  475  476  477
  481  484  490  493  495  503  504  507  515  520  527  530  536  537  541
  556  559  563  576  584  588  592  596  600  628  629  641  644  646  649
  654  656  661  667  671  684  687  690  699  707  708  715  718  721  726
  730  736  737  738  739  740  743  752  753  763  767  777  782  787  788
  790  791  801  804  819  822  824  829  836  837  841  850  853  864  867
  868  869  872  884  893  895  898  901  910  916  917  921  922  923  929
  955  957  961  967  973  974  981 1008 1017 1019 1030 1036 1038 1040 1045
 1065 1074 1079 1087 1092 1098 1099 1104 1106 1109 1112 1115 1116 1120 1121
 1123 1135 1140 1143 1148 1149 1164 1166 1169 1171 1189 1211 1214 1215 1216
 1218 1227 1230 1231 1238 1241 1243 1258 1260 1266 1267 1274 1279 1280 1284
 1291 1293 1299 1300 1310 1316 1328 1329 1333 1338 1341 1356 1358 1363 1367
 1369 1371 1376 1382 1383 1387 1394 1399 1400 1403 1407 1411 1418 1419 1423
 1432 1433 1438 1444 1446 1447 1455 1458 1459 1461 1475 1476 1493 1507 1512
 1524 1529 1533 1536 1545 1547 1550 1551 1552 1560 1564 1566 1567 1573 1574
 1580 1584 1586 1588 1589 1595 1599 1602 1615 1617 1623 1628 1629 1630 1631
 1632 1634 1638 1640 1652 1666 1669 1670 1671 1676 1677 1685 1696 1706 1708
 1716 1721 1728 1746 1747 1748 1750 1771 1786 1788 1791 1800 1810 1822 1841
 1843 1847 1848 1850 1852 1856 1865 1877 1881 1882 1889 1890 1892 1894 1896
 1900 1911 1929 1933 1935 1939 1942 1948 1950 1951 1952 1954 1959 1963 1966
 1971 1974 1978 1996 1997 2006 2015 2019 2020 2025 2028 2035 2036 2038 2040
 2041 2044 2052 2055 2057 2064 2072 2075 2079 2088 2090 2094 2095 2101 2105
 2107 2110 2113 2121 2122 2126]","[[185  11]
 [ 11 170]]","             precision    recall  f1-score   support

         AG       0.94      0.94      0.94       196
         AR       0.94      0.94      0.94       181

avg / total       0.94      0.94      0.94       377
"
0.96256684492,"{'n_estimators': 300, 'min_child_weight': 7, 'max_depth': 10, 'learning_rate': 0.1, 'colsample_bytree': 1}",4,"[   0    2    3 ..., 2129 2130 2132]","[   1   10   12   16   20   21   22   28   29   38   39   43   46   48   60
   64   69   73   79   82   84   85   87   91   94   96  100  103  105  118
  122  128  129  130  134  137  140  141  142  150  160  172  173  186  192
  195  196  197  201  205  206  230  232  235  241  242  245  252  256  269
  272  292  298  301  302  311  312  314  318  323  329  332  334  338  339
  341  344  346  349  355  356  361  365  366  368  371  386  389  392  410
  438  440  442  449  451  461  464  468  469  483  491  492  497  506  513
  528  546  547  550  551  555  561  572  573  583  590  597  599  605  606
  609  612  614  619  621  622  627  633  635  637  662  664  668  673  674
  679  697  700  702  705  710  712  716  717  719  727  731  733  756  757
  762  766  769  778  784  792  796  799  800  809  810  812  815  817  820
  828  847  848  851  854  856  861  866  874  880  882  885  888  891  899
  900  902  906  907  937  939  943  960  964  965  966  968  970  971  982
  988  994  995  997 1003 1005 1006 1014 1015 1022 1028 1032 1049 1050 1055
 1057 1060 1064 1067 1072 1077 1084 1090 1093 1096 1100 1101 1111 1114 1122
 1132 1133 1144 1152 1153 1154 1157 1159 1162 1176 1178 1179 1182 1187 1190
 1192 1217 1232 1237 1240 1242 1246 1248 1249 1251 1269 1270 1271 1287 1288
 1289 1301 1311 1320 1345 1353 1357 1368 1378 1381 1414 1417 1421 1425 1426
 1427 1428 1431 1436 1442 1443 1456 1462 1464 1466 1470 1480 1486 1487 1494
 1497 1498 1501 1503 1513 1525 1530 1541 1542 1544 1558 1559 1561 1569 1571
 1572 1577 1578 1585 1590 1592 1596 1603 1605 1606 1611 1616 1624 1627 1637
 1639 1641 1642 1648 1649 1657 1661 1673 1679 1680 1684 1688 1691 1700 1714
 1726 1729 1734 1736 1743 1752 1754 1758 1760 1764 1768 1769 1772 1775 1781
 1782 1792 1795 1799 1801 1804 1809 1811 1818 1819 1820 1821 1829 1837 1839
 1840 1842 1867 1869 1870 1871 1872 1875 1886 1891 1902 1906 1908 1909 1913
 1916 1921 1928 1937 1944 1945 1947 1956 1964 1967 1976 1983 1986 1987 1995
 2003 2004 2011 2014 2016 2018 2026 2027 2029 2030 2046 2047 2049 2051 2054
 2058 2062 2063 2066 2067 2071 2073 2074 2087 2091 2096 2099 2102 2103 2109
 2112 2116 2118 2119 2120 2131]","[[181   6]
 [  8 179]]","             precision    recall  f1-score   support

         AG       0.96      0.97      0.96       187
         AR       0.97      0.96      0.96       187

avg / total       0.96      0.96      0.96       374
"
0.964102564103,"{'n_estimators': 500, 'min_child_weight': 3, 'max_depth': 8, 'learning_rate': 0.1, 'colsample_bytree': 0.8}",4,"[   1    2    3 ..., 2128 2129 2131]","[   0    5    9   19   23   27   37   41   51   52   54   56   86   95  107
  109  116  119  121  132  143  145  148  149  151  156  165  171  174  182
  183  185  187  190  198  199  204  207  217  223  234  240  243  250  255
  259  264  284  291  296  297  308  313  327  335  343  351  360  367  369
  373  388  393  396  400  403  407  412  414  415  421  422  426  439  443
  448  450  453  454  456  460  466  478  480  485  488  494  498  499  500
  505  510  514  519  529  531  532  533  540  542  543  548  549  552  553
  560  562  564  565  569  579  581  586  587  589  591  602  603  607  610
  613  626  638  639  647  648  653  660  680  686  688  689  691  706  709
  711  713  720  729  742  745  746  747  748  749  754  764  775  785  795
  797  805  807  808  816  818  821  823  827  833  835  842  843  844  845
  846  865  870  876  883  887  894  911  912  913  915  920  924  927  933
  935  938  946  947  951  954  959  969  972  977  986  990  992  993 1002
 1004 1012 1016 1024 1026 1029 1031 1034 1042 1046 1053 1054 1056 1058 1066
 1068 1073 1078 1080 1081 1082 1083 1089 1095 1097 1102 1108 1117 1130 1138
 1141 1142 1145 1146 1150 1161 1165 1172 1174 1175 1180 1183 1191 1194 1195
 1196 1197 1198 1205 1210 1221 1225 1236 1239 1255 1256 1259 1262 1272 1277
 1292 1295 1297 1298 1304 1307 1312 1326 1327 1332 1336 1342 1343 1344 1348
 1349 1350 1370 1372 1374 1380 1389 1395 1404 1415 1416 1424 1445 1448 1451
 1454 1467 1468 1469 1473 1477 1481 1482 1490 1496 1499 1504 1509 1511 1516
 1518 1521 1522 1523 1537 1543 1546 1556 1557 1562 1563 1568 1570 1576 1579
 1587 1597 1607 1612 1614 1618 1619 1635 1645 1651 1656 1658 1660 1665 1675
 1681 1682 1686 1692 1697 1698 1701 1703 1704 1705 1709 1712 1718 1722 1724
 1725 1733 1737 1738 1744 1755 1756 1757 1763 1765 1766 1770 1783 1784 1785
 1787 1789 1790 1793 1794 1797 1798 1805 1813 1816 1823 1827 1832 1834 1835
 1846 1849 1853 1854 1857 1861 1862 1864 1878 1880 1883 1885 1895 1897 1898
 1914 1915 1920 1924 1925 1931 1940 1946 1977 1988 2002 2008 2010 2021 2034
 2037 2043 2045 2060 2061 2068 2076 2077 2081 2082 2084 2086 2089 2092 2097
 2100 2117 2123 2125 2130 2132]","[[175  11]
 [  3 201]]","             precision    recall  f1-score   support

         AG       0.98      0.94      0.96       186
         AR       0.95      0.99      0.97       204

avg / total       0.96      0.96      0.96       390
"
0.978947368421,"{'n_estimators': 300, 'min_child_weight': 7, 'max_depth': 10, 'learning_rate': 0.1, 'colsample_bytree': 0.8}",4,"[   1    3    4 ..., 2127 2130 2132]","[   0    2    6   16   20   23   27   36   46   54   56   59   61   62   68
   75   77   78   82   90   91   97  100  102  103  112  120  133  137  141
  155  160  162  171  174  182  197  199  210  219  224  228  229  233  243
  247  248  252  254  264  280  281  290  301  306  307  308  311  312  321
  323  330  332  334  337  339  343  344  346  351  353  356  363  367  368
  369  374  385  395  404  410  418  419  420  424  427  428  429  430  434
  439  443  450  451  453  460  462  463  465  472  478  479  483  491  499
  502  503  504  514  518  526  529  531  533  534  543  547  549  551  553
  573  577  581  585  588  592  595  601  603  610  624  636  637  639  648
  651  663  665  671  672  673  677  682  684  689  698  703  704  708  711
  716  720  725  744  746  747  750  761  767  780  781  783  801  809  812
  813  815  816  828  829  833  839  840  846  859  866  868  889  894  896
  897  903  911  922  923  931  933  935  946  958  962  973  981  993  997
 1005 1006 1010 1012 1015 1017 1025 1031 1032 1038 1046 1047 1048 1049 1061
 1063 1071 1073 1076 1077 1082 1085 1087 1094 1095 1101 1102 1104 1108 1109
 1113 1114 1118 1128 1129 1144 1153 1161 1165 1172 1176 1184 1185 1191 1192
 1197 1206 1221 1223 1228 1231 1235 1243 1250 1252 1261 1263 1266 1267 1268
 1269 1270 1271 1273 1282 1283 1286 1298 1299 1301 1307 1310 1319 1322 1326
 1334 1335 1344 1347 1352 1357 1361 1381 1388 1389 1393 1395 1402 1420 1422
 1424 1425 1430 1439 1440 1446 1448 1455 1457 1459 1475 1479 1485 1487 1490
 1493 1494 1495 1496 1500 1502 1505 1525 1527 1530 1531 1539 1540 1544 1551
 1552 1554 1557 1564 1571 1574 1576 1581 1583 1588 1590 1600 1603 1607 1610
 1613 1616 1617 1619 1621 1636 1639 1641 1646 1647 1651 1657 1658 1668 1673
 1675 1680 1681 1690 1692 1696 1698 1704 1709 1710 1733 1739 1742 1743 1746
 1752 1757 1758 1771 1776 1777 1785 1800 1816 1820 1823 1827 1833 1837 1850
 1856 1862 1874 1882 1908 1926 1927 1932 1935 1936 1938 1946 1949 1950 1951
 1961 1962 1972 1973 1974 1975 1978 1983 1984 1995 2022 2029 2035 2047 2052
 2056 2064 2067 2073 2079 2085 2086 2088 2091 2092 2095 2099 2107 2110 2113
 2117 2121 2123 2125 2126 2128 2129 2131]","[[184   5]
 [  3 188]]","             precision    recall  f1-score   support

         AG       0.98      0.97      0.98       189
         AR       0.97      0.98      0.98       191

avg / total       0.98      0.98      0.98       380
"
0.952506596306,"{'n_estimators': 300, 'min_child_weight': 5, 'max_depth': 6, 'learning_rate': 0.1, 'colsample_bytree': 0.8}",4,"[   0    1    2 ..., 2130 2131 2132]","[   4    9   12   13   15   26   31   38   40   44   49   51   52   64   65
   67   72   87   92   95  104  107  109  111  115  116  125  127  138  142
  143  146  158  172  173  175  177  185  186  193  194  196  203  213  217
  221  222  223  227  241  242  244  259  262  263  268  271  279  283  286
  289  294  297  298  302  304  305  309  313  314  315  327  328  331  333
  341  348  352  354  360  376  379  382  383  386  393  397  398  407  435
  448  456  458  466  473  476  477  480  485  487  493  495  497  500  507
  511  515  519  527  535  546  560  563  569  575  584  587  589  590  594
  608  611  613  614  618  625  638  643  649  650  653  655  656  667  675
  676  694  702  712  713  717  734  738  740  742  743  748  757  759  763
  764  765  769  773  774  775  776  779  789  790  791  803  804  811  824
  825  826  827  830  834  835  845  849  850  881  882  892  893  899  901
  902  906  907  912  916  919  924  926  938  939  942  945  947  951  952
  954  956  969  974  975  977  978  979  991 1009 1011 1022 1026 1028 1029
 1042 1044 1054 1057 1060 1066 1074 1078 1088 1106 1110 1111 1121 1122 1124
 1132 1133 1135 1139 1141 1143 1146 1150 1158 1159 1171 1181 1182 1189 1190
 1203 1212 1218 1232 1233 1234 1238 1241 1244 1249 1254 1255 1276 1284 1287
 1289 1295 1296 1300 1302 1305 1308 1311 1314 1321 1323 1333 1340 1348 1349
 1353 1362 1364 1366 1371 1380 1394 1397 1404 1408 1411 1414 1418 1419 1426
 1427 1435 1437 1449 1452 1456 1458 1461 1462 1464 1468 1473 1499 1514 1522
 1528 1532 1534 1537 1538 1541 1550 1555 1556 1558 1563 1570 1582 1584 1597
 1599 1604 1611 1632 1633 1634 1648 1650 1652 1655 1662 1670 1674 1678 1683
 1684 1687 1701 1708 1717 1722 1725 1734 1737 1744 1747 1749 1750 1755 1763
 1764 1766 1767 1768 1769 1775 1778 1780 1781 1788 1804 1808 1838 1840 1842
 1846 1854 1861 1865 1870 1871 1875 1878 1880 1885 1886 1887 1890 1891 1897
 1905 1906 1909 1911 1912 1915 1920 1923 1925 1930 1941 1945 1954 1964 1969
 1971 1985 1989 1999 2003 2005 2009 2020 2023 2026 2030 2032 2033 2037 2042
 2043 2044 2045 2048 2051 2054 2059 2061 2063 2065 2069 2081 2094 2098 2100
 2101 2102 2108 2111 2115 2118 2122]","[[188   8]
 [ 10 173]]","             precision    recall  f1-score   support

         AG       0.95      0.96      0.95       196
         AR       0.96      0.95      0.95       183

avg / total       0.95      0.95      0.95       379
"
0.912144702842,"{'n_estimators': 100, 'min_child_weight': 7, 'max_depth': 8, 'learning_rate': 0.1, 'colsample_bytree': 0.8}",4,"[   0    2    4 ..., 2130 2131 2132]","[   1    3    7   11   18   25   28   29   32   34   35   48   69   70   71
   73   76   79   86   88  106  110  122  123  135  144  148  151  159  165
  168  170  180  181  191  195  198  201  204  211  214  218  230  231  235
  260  276  285  288  291  299  300  303  319  326  340  345  350  355  357
  359  361  362  364  365  370  371  372  375  378  381  387  390  391  394
  399  400  402  403  406  414  415  417  421  423  426  431  437  444  449
  459  481  482  484  486  492  496  501  508  509  523  524  536  537  541
  550  554  557  559  561  562  571  574  578  586  596  607  616  619  620
  627  630  640  642  645  658  664  670  674  678  680  681  686  688  693
  695  696  699  707  709  719  723  730  741  749  754  756  758  760  766
  777  778  785  792  795  799  807  817  821  823  831  832  836  837  838
  843  855  860  861  863  867  871  874  880  891  900  909  913  918  920
  927  929  932  934  936  937  944  948  949  953  957  961  963  965  967
  968  970  976  982  996  998 1008 1014 1016 1018 1021 1034 1035 1043 1045
 1052 1053 1055 1056 1059 1072 1079 1084 1086 1089 1090 1091 1093 1096 1112
 1116 1125 1127 1134 1140 1145 1149 1163 1166 1169 1183 1188 1194 1196 1198
 1199 1200 1204 1205 1208 1209 1211 1214 1217 1219 1220 1225 1226 1229 1239
 1246 1256 1257 1265 1279 1288 1290 1291 1293 1294 1297 1303 1306 1312 1315
 1327 1328 1330 1332 1337 1338 1339 1342 1343 1358 1360 1363 1367 1377 1391
 1400 1401 1410 1415 1416 1417 1421 1428 1432 1438 1451 1466 1469 1471 1477
 1481 1482 1486 1488 1492 1506 1507 1511 1513 1518 1519 1533 1542 1545 1560
 1562 1565 1569 1572 1577 1578 1587 1589 1594 1596 1598 1601 1605 1609 1615
 1622 1623 1624 1626 1631 1635 1638 1640 1642 1644 1654 1659 1660 1663 1666
 1667 1671 1677 1679 1693 1699 1702 1715 1716 1718 1721 1723 1724 1736 1738
 1753 1754 1772 1773 1779 1786 1792 1795 1807 1813 1815 1817 1819 1821 1825
 1849 1851 1855 1860 1868 1873 1876 1877 1879 1893 1896 1904 1921 1931 1939
 1942 1943 1944 1947 1952 1953 1957 1958 1968 1970 1979 1982 1986 1993 1998
 2001 2002 2006 2010 2013 2016 2024 2036 2038 2055 2058 2066 2070 2071 2075
 2076 2078 2080 2093 2096 2103]","[[175  15]
 [ 19 178]]","             precision    recall  f1-score   support

         AG       0.90      0.92      0.91       190
         AR       0.92      0.90      0.91       197

avg / total       0.91      0.91      0.91       387
"
0.958224543081,"{'n_estimators': 300, 'min_child_weight': 1, 'max_depth': 8, 'learning_rate': 0.1, 'colsample_bytree': 0.8}",4,"[   0    1    2 ..., 2130 2131 2132]","[   5   19   22   33   37   39   42   43   63   74   80   81   83   85   93
   96   98  108  114  119  121  124  128  129  131  132  136  145  152  157
  161  169  178  179  183  187  192  202  205  212  215  216  225  234  236
  237  239  240  245  249  250  253  255  258  261  265  284  287  295  296
  316  322  324  325  335  347  366  380  392  396  401  405  408  413  433
  436  441  445  452  455  461  467  469  470  474  488  489  498  505  512
  520  521  525  530  532  538  540  545  548  552  564  565  567  576  579
  582  583  597  598  602  606  609  615  617  621  622  626  628  629  631
  632  634  635  641  646  652  654  659  661  662  666  669  679  683  687
  691  697  701  706  718  721  722  726  727  729  731  735  736  737  752
  755  762  771  772  786  793  794  797  800  805  806  810  819  822  841
  847  848  851  852  853  856  857  858  862  864  870  873  876  878  885
  888  890  895  898  904  905  910  915  917  921  930  940  950  960  972
  980  984  988  989  990  999 1000 1001 1013 1019 1023 1024 1030 1033 1039
 1050 1051 1058 1062 1069 1070 1075 1083 1098 1100 1103 1107 1119 1136 1138
 1147 1148 1151 1152 1155 1156 1167 1168 1170 1173 1177 1186 1195 1213 1222
 1224 1240 1245 1247 1248 1253 1259 1272 1277 1281 1285 1309 1313 1324 1336
 1345 1346 1354 1355 1356 1359 1365 1368 1369 1374 1375 1376 1378 1379 1382
 1383 1384 1390 1406 1413 1423 1429 1433 1434 1436 1442 1444 1445 1447 1450
 1460 1465 1474 1480 1484 1489 1497 1504 1508 1509 1517 1520 1523 1524 1526
 1529 1543 1546 1548 1549 1561 1567 1575 1579 1585 1586 1595 1606 1608 1612
 1614 1618 1620 1625 1627 1628 1629 1630 1643 1645 1649 1653 1664 1682 1685
 1688 1689 1694 1695 1700 1703 1706 1711 1720 1728 1729 1732 1735 1741 1756
 1759 1762 1770 1783 1784 1789 1791 1794 1796 1797 1799 1806 1809 1810 1812
 1814 1818 1824 1828 1829 1830 1835 1836 1853 1857 1858 1859 1867 1869 1883
 1884 1889 1894 1895 1899 1900 1907 1910 1913 1916 1917 1918 1919 1928 1934
 1937 1948 1956 1960 1963 1965 1966 1980 1981 1988 1990 1997 2004 2008 2012
 2019 2027 2028 2034 2039 2040 2049 2050 2053 2057 2060 2072 2084 2087 2090
 2104 2112 2114 2116 2120 2127]","[[186   7]
 [  9 181]]","             precision    recall  f1-score   support

         AG       0.95      0.96      0.96       193
         AR       0.96      0.95      0.96       190

avg / total       0.96      0.96      0.96       383
"
0.947780678851,"{'n_estimators': 50, 'min_child_weight': 3, 'max_depth': 10, 'learning_rate': 0.1, 'colsample_bytree': 1}",4,"[   0    1    2 ..., 2128 2129 2131]","[   8   10   14   17   21   24   30   41   45   47   50   53   55   57   58
   60   66   84   89   94   99  101  105  113  117  118  126  130  134  139
  140  147  149  150  153  154  156  163  164  166  167  176  184  188  189
  190  200  206  207  208  209  220  226  232  238  246  251  256  257  266
  267  269  270  272  273  274  275  277  278  282  292  293  310  317  318
  320  329  336  338  342  349  358  373  377  384  388  389  409  411  412
  416  422  425  432  438  440  442  446  447  454  457  464  468  471  475
  490  494  506  510  513  516  517  522  528  539  542  544  555  556  558
  566  568  570  572  580  591  593  599  600  604  605  612  623  633  644
  647  657  660  668  685  690  692  700  705  710  714  715  724  728  732
  733  739  745  751  753  768  770  782  784  787  788  796  798  802  808
  814  818  820  842  844  854  865  869  872  875  877  879  883  884  886
  887  908  914  925  928  941  943  955  959  964  966  971  983  985  986
  987  992  994  995 1002 1003 1004 1007 1020 1027 1036 1037 1040 1041 1064
 1065 1067 1068 1080 1081 1092 1097 1099 1105 1115 1117 1120 1123 1126 1130
 1131 1137 1142 1154 1157 1160 1162 1164 1174 1175 1178 1179 1180 1187 1193
 1201 1202 1207 1210 1215 1216 1227 1230 1236 1237 1242 1251 1258 1260 1262
 1264 1274 1275 1278 1280 1292 1304 1316 1317 1318 1320 1325 1329 1331 1341
 1350 1351 1370 1372 1373 1385 1386 1387 1392 1396 1398 1399 1403 1405 1407
 1409 1412 1431 1441 1443 1453 1454 1463 1467 1470 1472 1476 1478 1483 1491
 1498 1501 1503 1510 1512 1515 1516 1521 1535 1536 1547 1553 1559 1566 1568
 1573 1580 1591 1592 1593 1602 1637 1656 1661 1665 1669 1672 1676 1686 1691
 1697 1705 1707 1712 1713 1714 1719 1726 1727 1730 1731 1740 1745 1748 1751
 1760 1761 1765 1774 1782 1787 1790 1793 1798 1801 1802 1803 1805 1811 1822
 1826 1831 1832 1834 1839 1841 1843 1844 1845 1847 1848 1852 1863 1864 1866
 1872 1881 1888 1892 1898 1901 1902 1903 1914 1922 1924 1929 1933 1940 1955
 1959 1967 1976 1977 1987 1991 1992 1994 1996 2000 2007 2011 2014 2015 2017
 2018 2021 2025 2031 2041 2046 2062 2068 2074 2077 2082 2083 2089 2097 2105
 2106 2109 2119 2124 2130 2132]","[[178  10]
 [ 10 185]]","             precision    recall  f1-score   support

         AG       0.95      0.95      0.95       188
         AR       0.95      0.95      0.95       195

avg / total       0.95      0.95      0.95       383
"
0.962962962963,"{'n_estimators': 500, 'min_child_weight': 3, 'max_depth': 10, 'learning_rate': 0.1, 'colsample_bytree': 1}",4,"[   1    2    5 ..., 2130 2131 2132]","[   0    3    4    7    9   13   16   19   20   27   29   37   49   53   60
   62   64   71   78   82   85   88   93   94   95   96  107  109  119  122
  131  135  138  144  145  146  154  158  160  165  169  170  173  186  187
  189  194  195  196  204  207  214  216  218  220  227  229  230  236  241
  248  253  256  259  260  263  269  277  286  292  294  296  298  299  302
  315  327  328  332  336  352  355  364  368  371  382  385  386  387  391
  404  416  442  445  464  486  489  501  508  519  522  523  528  531  546
  547  551  555  558  559  569  573  579  581  589  591  597  598  610  616
  625  626  631  635  637  641  642  643  649  652  656  659  666  669  670
  673  686  687  688  689  690  694  696  697  703  717  718  724  728  730
  732  736  742  743  744  746  759  770  775  777  783  791  797  799  800
  802  805  806  808  810  814  823  831  834  845  846  849  855  856  859
  863  864  866  867  875  887  891  895  910  916  917  924  925  929  931
  937  945  951  952  954  958  959  963  975  976  982  986  998 1003 1011
 1022 1035 1042 1055 1057 1074 1075 1096 1108 1113 1119 1121 1124 1129 1135
 1140 1146 1153 1154 1157 1158 1162 1167 1168 1174 1176 1184 1187 1192 1195
 1198 1202 1207 1215 1216 1219 1227 1229 1236 1237 1247 1252 1259 1261 1266
 1270 1278 1286 1302 1308 1323 1325 1326 1327 1330 1338 1340 1345 1362 1366
 1370 1377 1378 1379 1380 1383 1385 1390 1391 1396 1398 1400 1407 1417 1426
 1438 1444 1454 1463 1470 1471 1472 1478 1490 1494 1506 1509 1517 1518 1526
 1531 1533 1534 1536 1538 1539 1544 1560 1565 1579 1588 1590 1592 1594 1604
 1617 1618 1620 1621 1623 1631 1633 1634 1636 1649 1653 1660 1668 1672 1686
 1687 1690 1696 1716 1717 1723 1734 1737 1746 1749 1750 1758 1764 1767 1770
 1780 1784 1786 1794 1795 1798 1804 1807 1812 1814 1822 1824 1827 1832 1836
 1843 1847 1849 1851 1857 1863 1871 1881 1882 1883 1884 1886 1888 1893 1902
 1905 1908 1911 1917 1918 1921 1929 1941 1956 1958 1960 1968 1971 1983 1987
 1990 1995 1996 1997 1999 2001 2002 2005 2007 2008 2010 2017 2020 2029 2031
 2032 2038 2047 2058 2060 2064 2065 2066 2078 2080 2089 2090 2091 2092 2094
 2099 2100 2102 2114 2117 2122 2123 2125]","[[193   7]
 [  7 171]]","             precision    recall  f1-score   support

         AG       0.96      0.96      0.96       200
         AR       0.96      0.96      0.96       178

avg / total       0.96      0.96      0.96       378
"
0.961340206186,"{'n_estimators': 300, 'min_child_weight': 1, 'max_depth': 8, 'learning_rate': 0.1, 'colsample_bytree': 0.8}",4,"[   0    1    3 ..., 2129 2130 2132]","[   2    5   14   17   24   26   30   32   33   34   35   39   41   42   50
   51   54   56   59   69   70   72   74  101  106  108  110  111  124  129
  130  134  136  142  147  149  157  159  161  163  171  175  176  178  185
  192  198  201  212  221  224  233  242  249  251  255  261  265  267  270
  273  278  283  287  300  305  306  309  314  318  319  321  322  323  324
  326  329  330  331  333  335  337  343  348  350  369  372  373  374  375
  377  384  388  392  393  397  398  402  406  408  411  414  423  425  432
  434  449  454  455  459  461  467  473  476  488  490  495  497  504  505
  506  507  510  515  516  517  520  524  526  529  543  554  556  557  563
  575  578  585  593  594  601  603  605  606  619  622  624  628  636  640
  646  651  658  675  691  704  709  711  740  752  779  780  785  787  812
  813  828  832  836  843  851  852  853  873  876  879  883  892  902  904
  923  932  938  943  953  962  966  968  974  977  979  984  988  991  995
 1002 1007 1016 1019 1020 1021 1025 1030 1032 1048 1051 1053 1061 1066 1071
 1073 1084 1085 1089 1091 1095 1097 1101 1105 1112 1114 1120 1125 1128 1132
 1133 1137 1141 1149 1150 1159 1163 1164 1166 1172 1173 1178 1180 1204 1205
 1213 1220 1226 1232 1239 1241 1243 1244 1248 1250 1262 1273 1275 1277 1280
 1281 1282 1283 1284 1292 1294 1299 1303 1314 1335 1336 1337 1339 1342 1344
 1356 1359 1360 1365 1369 1371 1386 1387 1413 1414 1419 1423 1431 1439 1441
 1442 1446 1455 1456 1461 1467 1469 1475 1476 1477 1479 1484 1492 1493 1495
 1503 1511 1519 1522 1523 1525 1527 1529 1530 1541 1542 1550 1551 1556 1562
 1564 1572 1574 1575 1578 1580 1582 1587 1589 1595 1597 1600 1602 1603 1606
 1609 1611 1612 1624 1639 1642 1644 1647 1648 1656 1663 1664 1669 1670 1674
 1675 1677 1685 1695 1702 1713 1726 1727 1728 1731 1735 1738 1740 1748 1751
 1752 1761 1763 1765 1775 1778 1781 1785 1791 1800 1808 1811 1818 1819 1831
 1838 1844 1850 1852 1858 1859 1860 1862 1864 1868 1872 1877 1896 1913 1914
 1920 1923 1924 1927 1938 1942 1945 1947 1951 1952 1975 1979 1980 1982 1991
 2004 2025 2033 2036 2040 2041 2052 2053 2057 2070 2079 2086 2088 2095 2096
 2104 2106 2107 2116 2121 2128 2131]","[[175  10]
 [  5 198]]","             precision    recall  f1-score   support

         AG       0.97      0.95      0.96       185
         AR       0.95      0.98      0.96       203

avg / total       0.96      0.96      0.96       388
"
0.954907161804,"{'n_estimators': 300, 'min_child_weight': 5, 'max_depth': 6, 'learning_rate': 0.1, 'colsample_bytree': 0.8}",4,"[   0    1    2 ..., 2128 2130 2131]","[   6   11   40   47   55   57   61   63   68   75   76   77   81   84   87
   92   97   98  114  121  125  126  132  137  139  140  143  148  150  155
  156  167  174  177  179  183  188  190  197  199  205  206  211  213  225
  228  238  240  254  257  272  275  282  297  301  325  334  338  339  340
  341  344  345  358  360  365  367  379  380  381  389  395  396  400  417
  419  421  422  426  428  429  431  435  439  440  441  444  447  452  453
  457  460  462  463  465  468  474  480  499  500  509  518  532  533  535
  536  537  538  548  552  560  564  574  577  587  596  600  602  617  618
  620  623  634  638  639  647  655  657  671  672  674  679  680  682  699
  701  707  713  716  719  720  723  734  735  745  750  754  755  758  762
  763  772  773  776  781  789  795  796  803  818  819  822  824  826  830
  833  835  837  838  840  841  844  860  861  869  878  882  889  899  901
  905  908  911  912  913  920  926  928  934  936  942  944  947  949  956
  957  970  973  981  985  994 1000 1005 1006 1012 1014 1015 1023 1024 1040
 1045 1050 1054 1058 1059 1062 1069 1076 1077 1080 1086 1087 1088 1093 1100
 1104 1116 1136 1139 1145 1147 1151 1165 1169 1170 1179 1183 1185 1188 1190
 1208 1209 1210 1211 1218 1228 1233 1242 1245 1251 1253 1256 1260 1268 1269
 1274 1279 1287 1288 1293 1295 1306 1307 1309 1318 1319 1322 1328 1331 1334
 1341 1343 1347 1348 1349 1350 1363 1364 1367 1374 1389 1393 1395 1403 1405
 1409 1410 1415 1421 1424 1430 1433 1434 1443 1450 1452 1457 1460 1462 1464
 1465 1482 1483 1485 1486 1487 1489 1491 1497 1508 1512 1514 1521 1535 1554
 1555 1557 1573 1584 1598 1607 1615 1625 1632 1635 1641 1643 1650 1654 1657
 1658 1662 1666 1671 1673 1679 1682 1688 1691 1698 1707 1711 1719 1720 1721
 1724 1733 1736 1745 1753 1754 1762 1766 1773 1776 1782 1787 1788 1789 1796
 1799 1803 1806 1825 1828 1829 1833 1837 1839 1842 1855 1875 1876 1885 1887
 1900 1910 1912 1922 1926 1928 1937 1939 1948 1954 1959 1961 1963 1964 1965
 1966 1969 1972 1973 1974 1978 1984 1986 1998 2014 2016 2022 2023 2026 2039
 2042 2043 2063 2067 2069 2073 2076 2077 2081 2085 2087 2093 2097 2098 2101
 2103 2105 2115 2118 2129 2132]","[[188   6]
 [ 11 172]]","             precision    recall  f1-score   support

         AG       0.94      0.97      0.96       194
         AR       0.97      0.94      0.95       183

avg / total       0.96      0.95      0.95       377
"
0.960212201592,"{'n_estimators': 300, 'min_child_weight': 1, 'max_depth': 6, 'learning_rate': 0.1, 'colsample_bytree': 1}",4,"[   0    1    2 ..., 2129 2131 2132]","[  10   15   23   28   31   36   44   45   48   52   58   65   66   73   83
   86   89   91  103  115  117  118  120  128  133  141  151  153  164  182
  184  191  200  203  209  210  215  219  222  223  234  237  239  243  245
  246  250  264  268  274  276  279  288  293  295  304  307  316  342  347
  354  356  361  366  376  394  399  403  407  412  415  418  420  427  433
  438  443  448  450  451  456  472  475  477  478  481  482  483  484  487
  491  492  496  513  534  539  540  544  549  550  561  566  568  570  571
  572  580  583  584  588  590  595  604  608  609  612  613  614  615  621
  627  629  632  644  645  662  664  667  676  677  678  681  683  693  695
  698  702  706  708  714  727  729  731  738  748  749  753  765  766  767
  769  771  774  782  784  798  801  804  807  815  817  820  825  847  848
  850  854  862  868  871  874  877  880  881  886  888  896  898  907  909
  915  918  919  921  922  927  939  941  946  950  960  961  964  965  969
  972  980  983  987  989  996 1009 1018 1026 1027 1028 1034 1036 1038 1039
 1046 1049 1056 1060 1063 1064 1065 1072 1078 1079 1081 1090 1094 1098 1115
 1117 1127 1131 1134 1142 1148 1152 1155 1156 1175 1177 1182 1186 1189 1191
 1197 1199 1200 1206 1214 1221 1222 1223 1224 1230 1234 1235 1238 1246 1255
 1258 1263 1265 1267 1271 1272 1276 1285 1289 1298 1300 1304 1305 1312 1313
 1317 1320 1321 1357 1361 1368 1373 1376 1382 1392 1394 1399 1401 1404 1408
 1411 1412 1418 1427 1428 1435 1436 1440 1445 1447 1448 1449 1468 1480 1505
 1507 1510 1520 1524 1532 1547 1549 1553 1558 1559 1563 1567 1570 1576 1577
 1585 1593 1599 1601 1608 1610 1613 1614 1619 1622 1627 1637 1640 1645 1646
 1652 1655 1659 1667 1678 1681 1683 1689 1693 1694 1704 1709 1712 1715 1722
 1725 1729 1730 1732 1739 1741 1757 1759 1772 1777 1790 1792 1793 1810 1813
 1816 1821 1823 1826 1848 1853 1856 1865 1870 1873 1878 1889 1895 1898 1903
 1904 1907 1916 1930 1931 1932 1933 1934 1936 1944 1946 1949 1953 1955 1970
 1976 1977 1981 1985 1992 1993 1994 2000 2003 2009 2011 2012 2013 2015 2018
 2019 2021 2024 2027 2035 2044 2045 2046 2049 2054 2056 2071 2072 2082 2084
 2110 2112 2119 2126 2127 2130]","[[179  11]
 [  4 183]]","             precision    recall  f1-score   support

         AG       0.98      0.94      0.96       190
         AR       0.94      0.98      0.96       187

avg / total       0.96      0.96      0.96       377
"
0.966836734694,"{'n_estimators': 500, 'min_child_weight': 3, 'max_depth': 10, 'learning_rate': 0.1, 'colsample_bytree': 1}",4,"[   0    2    3 ..., 2130 2131 2132]","[   1    8   12   18   21   22   25   38   43   46   67   79   80   90   99
  100  102  104  105  112  113  116  123  127  152  162  166  168  172  180
  181  193  202  208  217  226  231  232  235  244  247  252  258  262  266
  271  280  281  284  285  289  290  291  303  308  310  311  312  313  317
  320  346  349  351  353  357  359  362  363  370  378  383  390  401  405
  409  410  413  424  430  436  437  446  458  466  469  470  471  479  485
  493  494  498  502  503  511  512  514  521  525  527  530  541  542  545
  553  562  565  567  576  582  586  592  599  607  611  630  633  648  650
  653  654  660  661  663  665  668  684  685  692  700  705  710  712  715
  721  722  725  726  733  737  739  741  747  751  756  757  760  761  764
  768  778  786  788  790  792  793  794  809  811  816  821  827  829  839
  842  857  858  865  870  872  884  885  890  893  894  897  900  903  906
  914  930  933  935  940  948  955  967  971  978  990  992  993  997  999
 1001 1004 1008 1010 1013 1017 1029 1031 1033 1037 1041 1043 1044 1047 1052
 1067 1068 1070 1082 1083 1092 1099 1102 1103 1106 1107 1109 1110 1111 1118
 1122 1123 1126 1130 1138 1143 1144 1160 1161 1171 1181 1193 1194 1196 1201
 1203 1212 1217 1225 1231 1240 1249 1254 1257 1264 1290 1291 1296 1297 1301
 1310 1311 1315 1316 1324 1329 1332 1333 1346 1351 1352 1353 1354 1355 1358
 1372 1375 1381 1384 1388 1397 1402 1406 1416 1420 1422 1425 1429 1432 1437
 1451 1453 1458 1459 1466 1473 1474 1481 1488 1496 1498 1499 1500 1501 1502
 1504 1513 1515 1516 1528 1537 1540 1543 1545 1546 1548 1552 1561 1566 1568
 1569 1571 1581 1583 1586 1591 1596 1605 1616 1626 1628 1629 1630 1638 1651
 1661 1665 1676 1680 1684 1692 1697 1699 1700 1701 1703 1705 1706 1708 1710
 1714 1718 1742 1743 1744 1747 1755 1756 1760 1768 1769 1771 1774 1779 1783
 1797 1801 1802 1805 1809 1815 1817 1820 1830 1834 1835 1840 1841 1845 1846
 1854 1861 1866 1867 1869 1874 1879 1880 1890 1891 1892 1894 1897 1899 1901
 1906 1909 1915 1919 1925 1935 1940 1943 1950 1957 1962 1967 1988 1989 2006
 2028 2030 2034 2037 2048 2050 2051 2055 2059 2061 2062 2068 2074 2075 2083
 2108 2109 2111 2113 2120 2124]","[[183   4]
 [  9 196]]","             precision    recall  f1-score   support

         AG       0.95      0.98      0.97       187
         AR       0.98      0.96      0.97       205

avg / total       0.97      0.97      0.97       392
"
0.949868073879,"{'n_estimators': 500, 'min_child_weight': 3, 'max_depth': 8, 'learning_rate': 0.1, 'colsample_bytree': 0.8}",4,"[   0    1    2 ..., 2129 2130 2132]","[   9   11   16   22   23   24   29   34   35   48   53   54   74   75   81
   82   85   86   96  102  105  107  110  111  112  116  124  126  129  130
  132  134  142  144  146  149  159  164  165  167  173  176  180  185  191
  195  201  214  221  223  224  230  232  235  238  247  249  253  265  276
  281  282  286  295  299  310  318  320  325  327  335  338  339  354  364
  365  368  374  376  382  383  384  386  392  397  412  419  421  427  435
  445  451  453  454  460  463  467  469  473  476  478  481  483  492  499
  502  503  525  540  543  547  552  561  562  564  566  570  571  573  575
  585  591  596  598  599  601  603  619  621  623  632  635  657  661  671
  675  694  695  702  708  710  711  713  724  725  735  741  742  747  748
  758  761  764  776  779  786  790  792  796  803  806  807  817  818  825
  828  829  830  831  834  846  858  861  864  867  873  880  882  893  894
  896  897  899  900  906  908  913  917  920  921  929  933  951  954  959
  977  981 1002 1015 1018 1025 1033 1040 1043 1048 1050 1053 1057 1058 1063
 1064 1077 1078 1082 1090 1091 1092 1098 1100 1104 1117 1121 1124 1128 1131
 1132 1135 1136 1143 1144 1149 1151 1156 1158 1168 1169 1181 1182 1186 1188
 1193 1199 1201 1206 1210 1213 1214 1216 1225 1230 1234 1242 1244 1247 1250
 1254 1267 1279 1282 1285 1287 1290 1294 1296 1310 1323 1327 1331 1338 1342
 1347 1348 1352 1353 1354 1355 1357 1364 1366 1370 1371 1373 1376 1395 1401
 1413 1414 1421 1426 1431 1434 1442 1447 1449 1458 1464 1471 1475 1477 1488
 1493 1500 1506 1511 1512 1518 1521 1526 1532 1535 1539 1544 1551 1554 1559
 1562 1565 1571 1580 1582 1588 1593 1597 1617 1618 1620 1623 1627 1630 1632
 1633 1638 1657 1660 1672 1676 1680 1681 1682 1683 1688 1695 1696 1703 1710
 1730 1737 1738 1739 1751 1754 1757 1760 1762 1772 1777 1783 1801 1803 1804
 1809 1811 1819 1820 1824 1827 1849 1854 1860 1871 1873 1879 1883 1891 1893
 1897 1900 1903 1911 1912 1915 1936 1937 1945 1947 1955 1964 1967 1968 1969
 1972 1990 1991 1999 2000 2002 2004 2009 2014 2015 2018 2022 2023 2025 2026
 2030 2031 2042 2045 2050 2051 2052 2056 2062 2063 2068 2078 2081 2093 2094
 2101 2103 2104 2124 2125 2127 2128 2131]","[[187   7]
 [ 12 173]]","             precision    recall  f1-score   support

         AG       0.94      0.96      0.95       194
         AR       0.96      0.94      0.95       185

avg / total       0.95      0.95      0.95       379
"
0.950777202073,"{'n_estimators': 500, 'min_child_weight': 3, 'max_depth': 10, 'learning_rate': 0.01, 'colsample_bytree': 0.8}",4,"[   1    2    3 ..., 2130 2131 2132]","[   0    7    8   20   21   27   38   45   55   58   68   69   71   76   84
   88   89   90   97  100  103  118  121  123  133  135  140  147  158  160
  161  170  174  179  189  196  198  199  204  206  211  213  218  219  226
  231  233  245  250  252  259  268  269  275  277  280  283  285  287  288
  290  296  303  305  308  311  313  314  315  319  324  333  336  340  347
  349  352  353  358  363  369  370  371  375  379  385  387  388  390  395
  430  438  440  452  462  468  475  479  482  484  485  491  493  497  498
  501  504  506  507  521  522  526  527  532  533  534  536  544  555  556
  563  577  578  581  583  589  605  624  625  630  637  642  644  646  652
  655  666  667  673  676  677  680  682  692  696  701  712  715  721  722
  729  732  750  755  762  772  775  777  778  787  791  800  801  802  809
  816  820  822  826  835  836  837  839  843  845  849  851  852  859  860
  863  865  868  878  898  907  911  914  915  916  919  923  928  935  937
  941  943  950  953  955  962  963  968  979  984  998  999 1005 1006 1017
 1020 1022 1036 1044 1052 1060 1061 1070 1074 1075 1084 1085 1097 1111 1119
 1120 1126 1147 1148 1152 1153 1160 1162 1166 1173 1174 1180 1189 1195 1198
 1203 1204 1205 1209 1211 1217 1218 1221 1226 1236 1243 1246 1262 1263 1271
 1273 1274 1275 1278 1283 1284 1286 1288 1289 1291 1299 1303 1305 1306 1311
 1315 1316 1317 1318 1319 1325 1329 1334 1335 1339 1340 1358 1362 1363 1372
 1375 1383 1392 1393 1399 1402 1403 1423 1427 1439 1440 1444 1451 1452 1457
 1462 1479 1484 1486 1490 1492 1499 1502 1504 1508 1523 1524 1531 1543 1546
 1553 1567 1568 1575 1578 1585 1595 1596 1600 1605 1607 1613 1615 1616 1624
 1629 1631 1634 1639 1641 1642 1646 1647 1655 1656 1673 1677 1691 1699 1708
 1713 1715 1717 1721 1722 1723 1725 1728 1747 1755 1776 1780 1784 1786 1790
 1792 1795 1797 1805 1806 1812 1816 1823 1825 1829 1838 1839 1843 1848 1851
 1855 1866 1867 1869 1874 1875 1888 1889 1896 1902 1910 1916 1918 1924 1930
 1935 1939 1942 1948 1950 1951 1952 1958 1979 1980 1983 1985 1988 1989 2005
 2016 2020 2021 2027 2028 2036 2039 2058 2061 2066 2070 2075 2079 2095 2099
 2109 2111 2115 2116 2119 2120 2129]","[[189  11]
 [  8 178]]","             precision    recall  f1-score   support

         AG       0.96      0.94      0.95       200
         AR       0.94      0.96      0.95       186

avg / total       0.95      0.95      0.95       386
"
0.910290237467,"{'n_estimators': 500, 'min_child_weight': 7, 'max_depth': 8, 'learning_rate': 0.01, 'colsample_bytree': 1}",4,"[   0    1    2 ..., 2129 2130 2131]","[   3    4    5   13   25   26   30   32   37   40   41   56   59   64   65
   72   73   80   91  117  120  127  136  138  153  157  163  168  169  171
  175  178  181  182  186  190  197  202  203  205  208  209  215  217  225
  227  228  234  237  242  243  246  251  257  263  274  284  302  304  309
  317  329  330  334  337  342  344  351  356  361  362  372  377  378  380
  393  400  401  406  411  415  420  424  428  436  437  442  448  457  459
  464  486  490  510  512  514  524  528  537  549  553  567  568  569  580
  584  586  593  594  597  607  616  617  620  622  629  633  638  640  643
  653  658  662  668  670  678  681  685  689  691  698  699  700  705  707
  709  717  719  720  726  727  730  734  739  749  752  754  757  760  763
  769  780  781  784  785  788  808  821  824  827  832  833  840  841  855
  862  871  875  877  890  891  901  905  909  910  912  918  922  926  927
  930  931  936  940  947  952  964  966  967  971  980  986  993 1001 1007
 1008 1011 1013 1016 1026 1028 1030 1031 1035 1037 1039 1041 1047 1051 1055
 1067 1072 1076 1088 1089 1099 1102 1103 1106 1107 1108 1109 1118 1130 1134
 1138 1139 1141 1142 1145 1146 1155 1159 1161 1176 1178 1184 1194 1202 1207
 1208 1212 1215 1219 1220 1224 1232 1237 1238 1245 1248 1255 1257 1264 1265
 1268 1280 1293 1295 1304 1307 1312 1320 1321 1324 1326 1328 1330 1333 1350
 1356 1360 1365 1374 1388 1391 1394 1396 1405 1407 1408 1409 1418 1420 1428
 1429 1432 1454 1463 1465 1467 1468 1470 1473 1476 1481 1495 1503 1507 1513
 1527 1528 1529 1537 1540 1542 1547 1549 1550 1552 1557 1561 1564 1570 1572
 1583 1587 1604 1612 1621 1628 1644 1649 1650 1654 1662 1668 1669 1670 1675
 1690 1692 1694 1697 1704 1707 1709 1711 1712 1716 1733 1734 1735 1736 1740
 1742 1743 1745 1753 1761 1764 1767 1771 1775 1781 1793 1802 1810 1815 1828
 1830 1833 1841 1844 1850 1853 1856 1858 1859 1861 1863 1876 1878 1881 1885
 1886 1887 1905 1906 1913 1919 1920 1921 1922 1927 1931 1941 1946 1953 1961
 1962 1974 1976 1978 1984 1986 1987 1994 1998 2006 2008 2011 2017 2019 2024
 2040 2047 2049 2057 2060 2065 2071 2076 2084 2085 2089 2097 2098 2100 2106
 2107 2108 2112 2113 2121 2132]","[[170  16]
 [ 18 175]]","             precision    recall  f1-score   support

         AG       0.90      0.91      0.91       186
         AR       0.92      0.91      0.91       193

avg / total       0.91      0.91      0.91       379
"
0.966751918159,"{'n_estimators': 300, 'min_child_weight': 3, 'max_depth': 8, 'learning_rate': 0.1, 'colsample_bytree': 0.5}",4,"[   0    1    2 ..., 2130 2131 2132]","[  14   19   39   42   44   46   49   51   57   61   63   66   79   95   98
  101  106  109  113  114  119  122  125  128  139  141  143  152  154  166
  177  188  192  194  200  207  210  212  216  236  239  244  254  261  264
  266  270  271  293  294  297  298  300  306  312  323  326  332  341  348
  350  355  366  373  381  391  398  403  404  405  410  413  416  417  418
  422  429  434  441  443  446  456  458  465  470  472  474  477  488  489
  496  500  515  516  517  518  519  520  523  529  539  546  554  557  558
  559  565  574  576  579  587  590  592  595  600  604  606  608  609  610
  611  612  613  634  636  645  647  648  650  651  654  669  679  683  684
  687  690  693  697  718  731  733  740  743  744  745  753  765  766  768
  770  771  774  783  789  793  794  795  798  799  805  812  815  819  838
  848  850  856  857  866  869  870  872  879  881  885  888  892  902  904
  924  932  934  938  942  944  948  958  961  970  974  975  978  983  988
  989  991  992  994  997 1000 1004 1010 1012 1019 1021 1023 1024 1029 1038
 1046 1049 1054 1065 1068 1073 1079 1087 1095 1101 1105 1114 1115 1116 1122
 1123 1127 1140 1150 1154 1163 1165 1167 1170 1171 1177 1179 1187 1191 1200
 1240 1249 1252 1258 1259 1260 1261 1266 1269 1270 1272 1276 1277 1281 1292
 1298 1302 1314 1336 1337 1341 1346 1349 1359 1367 1368 1369 1377 1380 1381
 1384 1389 1390 1398 1400 1404 1406 1410 1412 1415 1419 1424 1425 1430 1436
 1437 1438 1441 1443 1453 1455 1459 1460 1466 1469 1478 1480 1482 1483 1485
 1489 1494 1496 1497 1510 1516 1517 1519 1520 1522 1525 1533 1534 1538 1541
 1545 1558 1563 1569 1573 1574 1577 1579 1584 1586 1592 1594 1599 1608 1610
 1611 1625 1626 1636 1648 1651 1653 1658 1659 1665 1667 1671 1684 1685 1693
 1698 1700 1701 1705 1706 1714 1718 1720 1724 1729 1731 1732 1746 1750 1752
 1756 1759 1763 1770 1773 1778 1779 1782 1787 1794 1799 1808 1813 1822 1831
 1832 1834 1835 1836 1847 1864 1870 1872 1880 1890 1895 1899 1901 1904 1907
 1908 1923 1926 1929 1934 1938 1940 1949 1954 1957 1959 1960 1966 1970 1977
 1992 1997 2032 2033 2035 2037 2041 2053 2059 2072 2082 2083 2087 2090 2092
 2096 2105 2110 2117 2118 2123]","[[183   4]
 [  9 195]]","             precision    recall  f1-score   support

         AG       0.95      0.98      0.97       187
         AR       0.98      0.96      0.97       204

avg / total       0.97      0.97      0.97       391
"
0.968169761273,"{'n_estimators': 500, 'min_child_weight': 5, 'max_depth': 8, 'learning_rate': 0.1, 'colsample_bytree': 0.8}",4,"[   0    3    4 ..., 2129 2131 2132]","[   1    2    6   10   12   15   17   18   28   31   33   36   43   47   50
   52   60   62   67   70   77   78   83   87   92   93   94   99  104  108
  115  131  137  145  148  150  151  155  156  162  172  183  184  187  193
  220  222  229  240  241  248  255  256  258  260  262  267  272  273  278
  279  289  291  292  301  307  316  321  322  328  331  343  345  346  357
  359  360  367  389  394  396  399  402  407  408  409  414  423  425  426
  431  432  433  439  444  447  449  450  455  461  466  471  480  487  494
  495  505  508  509  511  513  530  531  535  538  541  542  545  548  550
  551  560  572  582  588  602  614  615  618  626  627  628  631  639  641
  649  656  659  660  663  664  665  672  674  686  688  703  704  706  714
  716  723  728  736  737  738  746  751  756  759  767  773  782  797  804
  810  811  813  814  823  842  844  847  853  854  874  876  883  884  886
  887  889  895  903  925  939  945  946  949  956  957  960  965  969  972
  973  976  982  985  987  990  995  996 1003 1009 1014 1027 1032 1034 1042
 1045 1056 1059 1062 1066 1069 1071 1080 1081 1083 1086 1093 1094 1096 1110
 1112 1113 1125 1129 1133 1137 1157 1164 1172 1175 1183 1185 1190 1192 1196
 1197 1222 1223 1227 1228 1229 1231 1233 1235 1239 1241 1251 1253 1256 1297
 1300 1301 1308 1309 1313 1322 1332 1343 1344 1345 1351 1361 1378 1379 1382
 1385 1386 1387 1397 1411 1416 1417 1422 1433 1435 1445 1446 1448 1450 1456
 1461 1472 1474 1487 1491 1498 1501 1505 1509 1514 1515 1530 1536 1548 1555
 1556 1560 1566 1576 1581 1589 1590 1591 1598 1601 1602 1603 1606 1609 1614
 1619 1622 1635 1637 1640 1643 1645 1652 1661 1663 1664 1666 1674 1678 1679
 1686 1687 1689 1702 1719 1726 1727 1741 1744 1748 1749 1758 1765 1766 1768
 1769 1774 1785 1788 1789 1791 1796 1798 1800 1807 1814 1817 1818 1821 1826
 1837 1840 1842 1845 1846 1852 1857 1862 1865 1868 1877 1882 1884 1892 1894
 1898 1909 1914 1917 1925 1928 1932 1933 1943 1944 1956 1963 1965 1971 1973
 1975 1981 1982 1993 1995 1996 2001 2003 2007 2010 2012 2013 2029 2034 2038
 2043 2044 2046 2048 2054 2055 2064 2067 2069 2073 2074 2077 2080 2086 2088
 2091 2102 2114 2122 2126 2130]","[[184   5]
 [  7 181]]","             precision    recall  f1-score   support

         AG       0.96      0.97      0.97       189
         AR       0.97      0.96      0.97       188

avg / total       0.97      0.97      0.97       377
"
0.971128608924,"{'n_estimators': 300, 'min_child_weight': 3, 'max_depth': 8, 'learning_rate': 0.1, 'colsample_bytree': 0.3}",4,"[   0    1    2 ..., 2130 2131 2132]","[   9   30   39   44   51   54   61   66   68   82   83   90   91   92   97
   99  101  110  113  116  121  131  143  144  146  153  155  156  160  174
  176  177  181  196  199  200  206  207  212  221  224  226  232  235  236
  237  239  248  256  258  261  280  281  282  290  294  296  300  304  305
  309  315  318  319  324  327  330  359  366  369  373  381  382  384  385
  387  388  393  394  397  400  407  410  411  413  420  424  429  433  436
  437  445  449  451  457  477  493  502  513  516  523  524  525  529  530
  538  563  564  568  570  572  587  595  603  604  621  623  624  639  650
  651  652  655  658  670  675  688  689  690  692  694  695  697  704  715
  716  718  719  725  729  730  737  738  742  749  754  755  762  763  767
  768  771  775  778  779  781  785  788  789  790  802  808  809  811  812
  813  824  826  827  836  840  841  847  848  849  855  864  878  879  884
  891  900  911  917  920  922  927  930  933  938  948  969  970  975  983
  986  989  994  997 1004 1013 1015 1016 1030 1031 1032 1033 1046 1048 1050
 1053 1063 1069 1077 1078 1082 1083 1090 1103 1106 1113 1115 1123 1125 1128
 1135 1138 1139 1145 1153 1159 1163 1168 1172 1174 1175 1185 1189 1197 1199
 1200 1205 1212 1215 1216 1224 1237 1242 1244 1245 1248 1254 1257 1261 1276
 1277 1283 1284 1294 1295 1301 1302 1305 1312 1317 1318 1320 1325 1341 1343
 1346 1351 1352 1362 1369 1370 1380 1382 1383 1404 1410 1415 1418 1431 1436
 1438 1439 1450 1453 1457 1460 1475 1494 1507 1517 1522 1527 1528 1533 1537
 1538 1539 1547 1548 1557 1561 1563 1566 1568 1583 1587 1588 1592 1596 1598
 1604 1605 1606 1611 1614 1618 1619 1621 1622 1623 1625 1629 1632 1633 1640
 1645 1648 1652 1657 1663 1666 1668 1670 1675 1686 1687 1695 1702 1707 1709
 1710 1711 1715 1718 1729 1730 1731 1736 1751 1757 1764 1765 1768 1769 1773
 1782 1783 1785 1797 1801 1803 1805 1812 1822 1823 1824 1836 1839 1852 1856
 1861 1866 1875 1893 1896 1907 1913 1915 1926 1928 1935 1942 1953 1964 1969
 1972 1978 1985 1990 1994 1997 2005 2018 2025 2027 2033 2035 2037 2041 2044
 2047 2053 2055 2057 2059 2065 2068 2069 2074 2078 2079 2087 2089 2091 2092
 2096 2104 2114 2116 2120 2121 2123 2127]","[[186   5]
 [  6 184]]","             precision    recall  f1-score   support

         AG       0.97      0.97      0.97       191
         AR       0.97      0.97      0.97       190

avg / total       0.97      0.97      0.97       381
"
0.958441558442,"{'n_estimators': 300, 'min_child_weight': 3, 'max_depth': 6, 'learning_rate': 0.1, 'colsample_bytree': 1}",4,"[   0    2    3 ..., 2129 2130 2132]","[   1   11   14   19   41   43   45   46   48   63   65   69   71   72   77
   85   88   94   95  104  108  115  118  123  126  127  130  141  145  147
  152  166  168  172  175  180  182  197  217  218  219  220  228  229  230
  234  245  247  251  252  259  262  263  265  266  273  278  279  284  285
  286  287  288  289  292  293  297  298  314  320  323  328  333  338  353
  365  377  379  380  386  389  396  399  406  408  409  412  414  415  417
  419  430  431  434  439  443  444  446  450  458  465  478  480  482  484
  489  494  511  518  520  532  549  553  554  557  573  575  580  590  599
  600  609  616  618  625  626  630  634  635  636  637  641  648  663  666
  668  669  674  693  696  699  705  706  720  724  732  736  740  743  758
  765  766  793  794  795  796  814  816  820  822  829  831  839  846  858
  859  860  863  871  877  886  889  890  896  909  910  912  923  928  929
  937  945  946  951  956  963  964  977  980  985  987  996 1002 1006 1008
 1009 1019 1021 1023 1024 1029 1035 1040 1042 1044 1056 1058 1062 1064 1065
 1072 1076 1084 1086 1087 1096 1105 1107 1108 1109 1110 1122 1126 1127 1130
 1132 1136 1141 1147 1148 1150 1162 1166 1169 1173 1176 1182 1187 1198 1204
 1209 1222 1227 1229 1231 1232 1241 1249 1250 1255 1260 1262 1265 1267 1270
 1271 1278 1281 1289 1293 1298 1299 1303 1314 1329 1330 1333 1335 1336 1345
 1357 1358 1361 1366 1367 1368 1372 1373 1377 1379 1384 1392 1394 1395 1405
 1417 1419 1424 1429 1442 1445 1456 1459 1464 1465 1466 1468 1469 1472 1491
 1497 1502 1506 1511 1516 1519 1520 1540 1541 1543 1550 1553 1560 1571 1572
 1574 1581 1593 1600 1602 1608 1613 1620 1624 1631 1635 1641 1644 1654 1658
 1660 1672 1673 1676 1677 1678 1685 1688 1689 1691 1692 1698 1701 1703 1704
 1705 1714 1717 1719 1733 1741 1747 1752 1770 1772 1777 1786 1790 1794 1795
 1796 1806 1813 1815 1831 1833 1834 1835 1843 1850 1857 1859 1863 1871 1878
 1881 1885 1886 1891 1894 1895 1899 1900 1906 1910 1916 1918 1922 1930 1933
 1939 1941 1944 1946 1949 1954 1968 1981 1987 1988 2002 2008 2012 2015 2028
 2032 2040 2045 2046 2049 2056 2058 2061 2062 2073 2076 2085 2097 2098 2102
 2103 2106 2108 2109 2110 2118 2131]","[[175   9]
 [  7 194]]","             precision    recall  f1-score   support

         AG       0.96      0.95      0.96       184
         AR       0.96      0.97      0.96       201

avg / total       0.96      0.96      0.96       385
"
0.95,"{'n_estimators': 100, 'min_child_weight': 1, 'max_depth': 6, 'learning_rate': 0.1, 'colsample_bytree': 1}",4,"[   1    2    3 ..., 2128 2129 2131]","[   0   16   17   24   26   28   34   38   42   47   57   64   70   73   75
   80   81   84   87   98  103  106  109  119  125  132  135  137  138  149
  151  154  157  162  171  173  179  183  186  187  188  191  193  198  201
  203  208  210  214  222  231  240  243  244  249  253  260  264  267  272
  274  295  301  302  316  321  325  331  340  344  346  349  352  360  367
  368  372  374  376  383  392  401  402  405  421  422  423  425  426  441
  442  452  455  459  460  462  466  468  470  490  495  496  498  501  505
  507  514  515  519  522  526  528  535  541  542  543  544  545  547  548
  550  560  565  567  571  584  585  589  594  596  598  605  612  613  617
  622  627  642  643  653  654  656  673  680  682  683  686  702  703  707
  709  710  721  727  734  735  741  745  753  756  760  764  770  776  782
  798  799  804  815  823  825  828  835  850  852  867  870  873  875  876
  880  882  892  895  899  903  906  915  924  925  932  939  944  952  954
  955  959  960  962  965  968  974  978  979  981  988  990 1001 1003 1010
 1011 1014 1017 1022 1025 1037 1039 1049 1060 1066 1071 1079 1080 1088 1095
 1097 1098 1099 1121 1129 1134 1151 1158 1160 1164 1180 1181 1186 1188 1190
 1194 1195 1196 1202 1213 1214 1220 1223 1225 1238 1240 1246 1251 1259 1272
 1273 1282 1296 1297 1309 1322 1328 1338 1339 1340 1347 1348 1349 1353 1360
 1364 1365 1374 1375 1386 1387 1388 1389 1391 1393 1399 1403 1409 1413 1422
 1427 1433 1434 1446 1448 1449 1451 1471 1476 1478 1479 1480 1481 1484 1486
 1492 1499 1500 1505 1514 1515 1518 1526 1531 1544 1558 1564 1565 1570 1575
 1579 1582 1591 1594 1599 1609 1616 1630 1634 1636 1642 1643 1646 1647 1650
 1653 1659 1664 1671 1684 1690 1693 1694 1696 1697 1700 1706 1708 1720 1721
 1732 1737 1738 1742 1746 1749 1750 1758 1766 1774 1788 1800 1802 1807 1809
 1817 1818 1819 1825 1826 1832 1847 1848 1849 1851 1854 1867 1874 1876 1877
 1883 1888 1892 1903 1909 1920 1929 1938 1943 1947 1952 1957 1963 1966 1971
 1973 1977 1979 1980 1982 1991 1995 1999 2006 2011 2014 2017 2021 2026 2038
 2043 2052 2060 2071 2072 2075 2077 2080 2081 2083 2084 2086 2090 2093 2094
 2100 2112 2115 2119 2130 2132]","[[189   7]
 [ 12 172]]","             precision    recall  f1-score   support

         AG       0.94      0.96      0.95       196
         AR       0.96      0.93      0.95       184

avg / total       0.95      0.95      0.95       380
"
0.948979591837,"{'n_estimators': 100, 'min_child_weight': 3, 'max_depth': 6, 'learning_rate': 0.1, 'colsample_bytree': 0.8}",4,"[   0    1    2 ..., 2130 2131 2132]","[   3    7   12   20   22   25   31   32   35   36   37   52   56   59   78
   79   86  100  102  107  112  124  128  129  133  134  140  142  150  158
  159  161  163  165  167  170  184  189  194  209  215  227  233  238  242
  246  250  254  255  257  268  269  275  276  277  303  307  311  312  317
  326  332  334  335  339  342  343  345  348  357  362  363  370  375  378
  391  398  403  404  418  428  438  440  447  453  454  456  461  464  467
  471  472  473  474  475  476  479  481  483  486  487  488  491  492  497
  500  504  509  510  531  534  536  537  539  540  546  555  558  561  562
  569  576  577  582  586  592  593  601  607  608  610  615  619  628  629
  633  638  645  646  647  649  657  659  660  661  662  665  667  676  678
  679  681  687  691  708  711  713  722  728  739  748  751  757  759  761
  772  777  784  786  791  792  797  803  806  807  818  832  833  838  842
  843  845  853  862  865  866  883  894  902  904  905  908  913  926  934
  940  947  950  953  957  966  967  971  972  982  991  995  998 1007 1012
 1028 1034 1038 1047 1055 1057 1059 1070 1073 1074 1094 1101 1104 1112 1114
 1116 1118 1120 1137 1146 1152 1157 1165 1167 1170 1177 1178 1191 1192 1193
 1201 1206 1208 1211 1218 1219 1226 1228 1230 1233 1234 1236 1266 1274 1280
 1286 1288 1291 1292 1306 1307 1308 1310 1311 1316 1323 1324 1332 1334 1337
 1344 1350 1354 1355 1378 1390 1396 1397 1398 1400 1401 1416 1423 1426 1432
 1435 1440 1447 1454 1455 1463 1467 1473 1474 1477 1483 1485 1487 1488 1495
 1496 1498 1501 1504 1508 1512 1521 1523 1524 1529 1534 1535 1542 1545 1546
 1549 1555 1559 1562 1567 1576 1577 1578 1580 1585 1590 1595 1601 1603 1607
 1610 1615 1617 1626 1627 1628 1649 1655 1656 1662 1665 1667 1669 1679 1682
 1683 1716 1723 1726 1734 1735 1739 1740 1753 1754 1759 1775 1776 1779 1780
 1781 1787 1789 1793 1808 1810 1811 1814 1816 1820 1821 1827 1828 1829 1838
 1842 1844 1846 1853 1858 1864 1870 1872 1873 1880 1884 1889 1897 1898 1901
 1905 1908 1919 1921 1923 1924 1934 1937 1955 1958 1959 1960 1962 1965 1967
 1976 1984 1986 2001 2007 2010 2016 2019 2022 2023 2034 2048 2054 2063 2066
 2095 2111 2117 2122 2126 2128]","[[189  10]
 [ 10 183]]","             precision    recall  f1-score   support

         AG       0.95      0.95      0.95       199
         AR       0.95      0.95      0.95       193

avg / total       0.95      0.95      0.95       392
"
0.917112299465,"{'n_estimators': 100, 'min_child_weight': 7, 'max_depth': 8, 'learning_rate': 0.1, 'colsample_bytree': 0.8}",4,"[   0    1    3 ..., 2130 2131 2132]","[   2    4    5    6    8   10   13   15   18   21   23   27   29   33   40
   49   50   53   55   58   60   62   67   74   76   89   93   96  105  111
  114  117  120  122  136  139  148  164  169  178  185  190  192  195  202
  204  205  211  213  216  223  225  241  270  271  283  291  299  306  308
  310  313  322  329  336  337  341  347  350  351  354  355  356  358  361
  364  371  390  395  416  427  432  435  448  463  469  485  499  503  506
  508  512  517  521  527  533  551  552  556  559  566  574  578  579  581
  583  588  591  597  602  606  611  614  620  631  632  640  644  664  671
  672  677  684  685  698  700  701  712  714  717  723  726  731  733  744
  746  747  750  752  769  773  774  780  783  787  800  801  805  810  817
  819  821  830  834  837  844  851  854  856  857  861  868  869  872  874
  881  885  887  888  893  897  898  901  907  914  916  918  919  921  931
  935  936  941  942  943  949  958  961  973  976  984  992  993  999 1000
 1005 1018 1020 1026 1027 1036 1041 1043 1045 1051 1052 1054 1061 1067 1068
 1075 1081 1085 1089 1091 1092 1093 1100 1102 1111 1117 1119 1124 1131 1133
 1140 1142 1143 1144 1149 1154 1155 1156 1161 1171 1179 1183 1184 1203 1207
 1210 1217 1221 1235 1239 1243 1247 1252 1253 1256 1258 1263 1264 1268 1269
 1275 1279 1285 1287 1290 1300 1304 1313 1315 1319 1321 1326 1327 1331 1342
 1356 1359 1363 1371 1376 1381 1385 1402 1406 1407 1408 1411 1412 1414 1420
 1421 1425 1428 1430 1437 1441 1443 1444 1452 1458 1461 1462 1470 1482 1489
 1490 1493 1503 1509 1510 1513 1525 1530 1532 1536 1551 1552 1554 1556 1569
 1573 1584 1586 1589 1597 1612 1637 1638 1639 1651 1661 1674 1680 1681 1699
 1712 1713 1722 1724 1725 1727 1728 1743 1744 1745 1748 1755 1756 1760 1761
 1762 1763 1767 1771 1778 1784 1791 1792 1798 1799 1804 1830 1837 1840 1841
 1845 1855 1860 1862 1865 1868 1869 1879 1882 1887 1890 1902 1904 1911 1912
 1914 1917 1925 1927 1931 1932 1936 1940 1945 1948 1950 1951 1956 1961 1970
 1974 1975 1983 1989 1992 1993 1996 1998 2000 2003 2004 2009 2013 2020 2024
 2029 2030 2031 2036 2039 2042 2050 2051 2064 2067 2070 2082 2088 2099 2101
 2105 2107 2113 2124 2125 2129]","[[173  13]
 [ 18 170]]","             precision    recall  f1-score   support

         AG       0.91      0.93      0.92       186
         AR       0.93      0.90      0.92       188

avg / total       0.92      0.92      0.92       374
"
